date,tavg,tmin,tmax,prcp,snow,wdir,wspd,wpgt,pres,tsun
2021-01-01,2.2,0.7,4.1,0,0,,,,,
2021-01-02,2.2,1.1,3.1,5.4,0,105,4.2,,1014.4,
2021-01-03,1.1,0.2,2.3,2,30,70,8,,1012.4,
2021-01-04,1.5,1.1,1.8,0.2,0,340,3.9,,1015.2,
2021-01-05,1.2,0.5,1.9,0.5,0,356,7,,1015,
2021-01-06,1.5,1,2.1,0,0,290,9.8,,1011.8,
2021-01-07,1.5,0.8,2.3,0,0,251,11.9,,1012.4,
2021-01-08,1.5,0.4,2.9,1.7,0,244,8.5,,1013.3,
2021-01-09,0.6,-0.5,1.1,0.7,0,279,9.2,,1020.7,
2021-01-10,-0.5,-4.8,1.2,0,0,274,6.1,,1025.1,
2021-01-11,-1.6,-6.2,2.2,1.1,0,211,8.7,,1020.8,
2021-01-12,1.7,-1.1,3.8,2.2,20,241,17.2,,1007.4,
2021-01-13,2.1,-0.3,3,4.2,0,262,23.1,,1009.6,
2021-01-14,0.5,-0.8,1.4,0.9,70,305,17.2,,1013.5,
2021-01-15,-0.3,-2.4,0.6,0.7,60,312,11.9,,1022.7,
2021-01-16,-3.2,-4.4,-2.4,0,50,283,12.3,,1024.2,
2021-01-17,-4.1,-9.8,-0.8,0,30,231,4.8,,1020.6,
2021-01-18,-1.4,-7,3.3,1.7,20,230,11.1,,1020.5,
2021-01-19,4.3,2.8,6.5,1.6,0,242,18.5,,1012.6,
2021-01-20,6.1,1.5,9.5,0,0,215,17.1,,1006.7,
2021-01-21,6.1,3.4,11.6,0,0,174,20.2,,1001.5,
2021-01-22,6.9,3.1,12.7,4.1,0,186,14,,995.8,
2021-01-23,1.7,0.2,4.1,14.3,0,290,10.1,,996.4,
2021-01-24,0.7,-1.6,2,3.5,20,173,9.3,,996.1,
2021-01-25,1,-0.2,3,0,0,273,8,,1004,
2021-01-26,0.4,-1.1,1.3,0.2,0,262,11.8,,1012.6,
2021-01-27,1.4,-1.3,5,0,0,239,10.7,,1014.8,
2021-01-28,2.9,0.6,5.1,5.4,0,288,8.8,,1005.5,
2021-01-29,0.3,-0.7,1.7,15.8,0,77,9.1,,998.2,
2021-01-30,0,-2,6,0.5,20,288,11.5,,1000.8,
2021-01-31,-3.3,-7.1,1.5,0,10,119,7.5,,1006,
2021-02-01,-0.7,-4.9,2.6,0.5,10,126,12.8,,999.9,
2021-02-02,3.6,1.5,6.4,0.3,0,213,9,,1003,
2021-02-03,9.1,5.3,11.9,5.9,0,214,15.2,,1001.1,
2021-02-04,7.1,1.7,10.3,1.3,0,269,15.9,,1010.7,
2021-02-05,3.3,1.2,6.2,1.6,0,120,9.2,,1016.8,
2021-02-06,0.4,-2.5,3,4,0,81,13.8,,1015.5,
2021-02-07,-5.2,-7.4,-2.5,8.8,60,84,17.1,,1007.7,
2021-02-08,-8.3,-8.8,-7.4,2.5,180,35,7.9,,1002.1,
2021-02-09,-10.2,-16.9,-7.5,0,160,311,3.9,,1006.8,
2021-02-10,-11.7,-18,-8,0,160,270,5.5,,1012.2,
2021-02-11,-6.6,-13.5,-3.7,0.4,150,280,8.9,,1026.2,
2021-02-12,-6.5,-11.5,-4.9,0,120,290,5.6,,1035.2,
2021-02-13,-8,-13.7,-3.7,0,100,285,7.7,,1041.1,
2021-02-14,-6.6,-12.7,-0.3,0,100,249,5.1,,1042.7,
2021-02-15,-5.8,-12.9,-1.1,3.2,80,151,12.2,,1034.1,
2021-02-16,-0.2,-3.5,2.8,2,120,190,5.8,,1020.2,
2021-02-17,5.7,2,8.1,0.5,50,254,15.1,,1016.3,
2021-02-18,6.4,2.3,12.2,0.1,0,163,11.4,,1018.6,
2021-02-19,6.8,1.2,11,0,0,227,12.8,,1018.5,
2021-02-20,6.7,1.1,14.3,0,0,156,12.8,,1021.3,
2021-02-21,4.8,3.2,7.9,0,0,146,16.8,,1021.4,
2021-02-22,5.5,2.4,10.9,0,0,153,9.8,,1023.4,
2021-02-23,7.4,2,16.2,0,0,161,7.4,,1032.2,
2021-02-24,9.2,4.3,17.2,0,0,162,6.5,,1033,
2021-02-25,10.5,4.6,18.4,0,0,174,7.4,,1028.4,
2021-02-26,5.4,2,9.9,3.3,0,272,11.2,,1029.5,
2021-02-27,4.1,2.4,5.9,0,0,295,11.1,,1037.1,
2021-02-28,5.5,0.2,9.7,0,0,287,6.9,,1037.5,
2021-03-01,3.1,-1.9,8.2,0,0,46,4.5,,1036.3,
2021-03-02,4.7,-2.8,14.2,0,0,109,6.1,,1034,
2021-03-03,3.6,-0.4,10,0,0,204,7.4,,1028.1,
2021-03-04,3.9,0.6,10.5,5.4,0,298,12.2,,1018.4,
2021-03-05,1.2,-4.4,4.9,0,0,337,10.9,,1024.2,
2021-03-06,1.1,-6.2,6.5,0,0,265,9.7,,1031.9,
2021-03-07,3,1.3,5.9,1.3,0,271,10.8,,1023.9,
2021-03-08,1.6,-3.8,6.7,0,0,336,8.8,,1021.7,
2021-03-09,1.2,-3.7,6.5,0,0,149,6.9,,1020.6,
2021-03-10,3.1,-2.2,8.2,0,0,153,6.9,,1019.4,
2021-03-11,7,2.4,13.3,2.1,0,199,20.5,,1005.5,
2021-03-12,8.3,5.7,10.8,0.1,0,247,22.7,,1005.7,
2021-03-13,8.3,4.8,12.8,0.1,0,225,23.1,,1001.1,
2021-03-14,6.1,2.9,8.1,0.5,0,263,20.5,,1004.9,
2021-03-15,5,3.2,7.6,8.8,0,258,14.6,,1008.7,
2021-03-16,4.4,2.5,6.5,0.8,0,300,18,,1015.6,
2021-03-17,2.3,1,5,5,0,306,9.8,,1021.3,
2021-03-18,2.1,0.5,6.3,6.1,0,303,8.9,,1021.6,
2021-03-19,1.1,-1.6,4.4,1.3,0,355,11.7,,1020.6,
2021-03-20,-0.7,-4.4,2.2,0,0,320,9.1,,1027,
2021-03-21,4.1,1.3,6.2,0,0,277,17.4,,1015.8,
2021-03-22,4.6,-1.6,9.4,0.4,0,296,11.6,,1019.9,
2021-03-23,5.6,3.7,7.6,0.2,0,281,10.5,,1024.2,
2021-03-24,7.6,2.4,13.2,0,0,252,8,,1023.8,
2021-03-25,9.1,1.3,17.5,0,0,234,6.1,,1020.2,
2021-03-26,9.8,2,17.7,0,0,212,8.2,,1019.3,
2021-03-27,7.4,2.9,13.1,1,0,236,17.7,,1019.3,
2021-03-28,8.2,0.8,13.1,0,0,,,,,
2021-03-29,13.5,7.7,20.2,0,0,251,12.1,,1029.5,
2021-03-30,12.8,2.9,22.7,0,0,266,9,,1030.7,
2021-03-31,13.6,2.3,24.5,0,0,158,5.4,,1024.4,
2021-04-01,12.3,4.7,20.5,0.6,0,279,11.3,,1017.3,
2021-04-02,6.8,4.4,9.7,1.8,0,306,13.5,,1019.6,
2021-04-03,5.3,-0.7,9.9,0.2,0,317,15,,1020.7,
2021-04-04,5,-3.1,11.3,0,0,271,7.3,,1021.4,
2021-04-05,3.5,-0.4,11.1,5.3,0,253,18.1,,1005.3,
2021-04-06,1,-1.2,5.8,0.7,10,268,18.7,,1006.8,
2021-04-07,2.9,0.3,7.2,0.7,0,273,19.8,,1010.7,
2021-04-08,3.8,0.8,7.7,0,0,272,20.1,,1020.8,
2021-04-09,7.5,-0.8,14.4,0,0,206,13.6,,1017.9,
2021-04-10,7.2,1.7,10.5,0.1,0,160,6.4,,1014.7,
2021-04-11,13.7,5.7,19.4,3.7,0,157,13.4,,1011,
2021-04-12,3.9,1.7,5.7,5.1,0,299,13.4,,1022.2,
2021-04-13,4.5,-0.5,8.2,0,0,291,10.5,,1028.2,
2021-04-14,4.7,1.3,8.6,0,0,309,12.3,,1027.4,
2021-04-15,3.4,0.9,6.3,2.8,0,314,11.9,,1026.8,
2021-04-16,4.4,0.8,8.8,1,0,303,11.4,,1024.1,
2021-04-17,6.2,2.9,8.7,0.5,0,297,8.4,,1022.1,
2021-04-18,7.7,3.8,10,1.1,0,290,5.3,,1020,
2021-04-19,9.1,3.3,14.9,2.2,0,320,4.8,,1019.5,
2021-04-20,10.8,6.3,16.2,5.3,0,272,5.7,,1016,
2021-04-21,12,4.1,17.5,0,0,279,9.5,,1014.4,
2021-04-22,7.3,3,11.4,0,0,296,17.2,,1020.3,
2021-04-23,7.2,2.2,12,0,0,282,15.1,,1025.8,
2021-04-24,6.5,-0.1,11.7,0,0,293,11.3,,1025.2,
2021-04-25,5.6,-1.1,11.9,0.6,0,300,6.8,,1023.7,
2021-04-26,4.8,-2.2,11.2,0,0,322,7.3,,1021.5,
2021-04-27,6.7,-2.5,14.5,0,0,113,9.7,,1014.9,
2021-04-28,11.2,1.6,18.9,0.9,0,121,9.5,,1008,
2021-04-29,13.2,9.7,19.8,1.8,0,208,15.3,,1003.8,
2021-04-30,9.8,6.5,13.5,0,0,294,12,,1011.5,
2021-05-01,10.5,7.9,13.6,9,,33,4,,1012.8,
2021-05-02,7.8,5.3,11.1,4.6,,316,15.4,,1011.4,
2021-05-03,8.4,4.4,13.6,0,,267,15.6,,1018.9,
2021-05-04,12,4.6,16.5,0.1,,201,19.7,,1007.4,
2021-05-05,9.7,6.1,13.9,0.9,,245,21.7,,1003,
2021-05-06,8.8,4.9,12.2,3.2,,240,15,,1007.8,
2021-05-07,7.5,5,11.5,0.8,,278,11.6,,1009.5,
2021-05-08,11,2,17.1,0,,237,11.7,,1018.7,
2021-05-09,19.1,9.8,26.3,0,,159,15.8,,1012.4,
2021-05-10,21.8,14.2,28.9,0,,147,15.1,,1008.2,
2021-05-11,21.6,13.6,29.6,2.6,,160,11.8,,1005.4,
2021-05-12,13.8,11.7,15.8,12,,303,12.9,,1007.4,
2021-05-13,10.7,9.9,11.7,11.7,,294,17.3,,1005.2,
2021-05-14,11.9,7.8,17,1.4,,277,12,,1006.3,
2021-05-15,12.8,7.2,18.7,2.6,,204,9.2,,1007.4,
2021-05-16,12.6,7.9,19.2,1.9,,227,10.3,,1004.1,
2021-05-17,12.7,6.3,17.9,2.6,,242,10,,1004.1,
2021-05-18,12.5,6.7,17.3,2.7,,272,15,,1010.3,
2021-05-19,10.4,6.9,15.1,6.6,,278,9.5,,1014.5,
2021-05-20,12,7.3,17.3,0,,268,10.3,,1018.1,
2021-05-21,14.9,8,20.1,0,,202,14.6,,1010,
2021-05-22,14,8.5,18.2,0.6,,231,16.3,,1006.9,
2021-05-23,13.4,6.9,18.4,0.4,,243,13.3,,1013.6,
2021-05-24,14.6,7.2,21,1,,158,14.5,,1014.8,
2021-05-25,12.6,9.3,16.5,1.2,,238,17.1,,1013.6,
2021-05-26,12.6,7.8,16.4,1.3,,227,14.7,,1014,
2021-05-27,11.9,7.7,16.3,1.7,,251,18.1,,1015,
2021-05-28,11.5,6.6,15.6,3.3,,287,12.8,,1020.7,
2021-05-29,11.3,5,17.5,0.9,,301,11.3,,1023.4,
2021-05-30,11.7,5.5,16.9,0,,3,10.1,,1025.9,
2021-05-31,13.6,4.1,21.2,0,,4,6.3,,1023.3,
2021-06-01,15.5,5.7,23.3,0,,270,5.3,,1019.2,
2021-06-02,18.5,9.7,25.6,0,,127,8.1,,1019,
2021-06-03,20.4,12.9,26.8,0,,121,9.5,,1022.7,
2021-06-04,20.4,14.6,26.8,0,,121,7.3,,1021.6,
2021-06-05,20.4,14.9,27.7,2.6,,283,4.7,,1018.6,
2021-06-06,21.2,15.6,27.1,0,,307,4.2,,1018.8,
2021-06-07,21.7,17.8,27.2,0,,301,7.8,,1020.2,
2021-06-08,20.6,16.9,27.2,2,,296,9.6,,1020.8,
2021-06-09,20.4,13.8,26.2,0,,332,5.4,,1020.7,
2021-06-10,19,12.4,25.6,6.4,,268,6.3,,1019.5,
2021-06-11,21.5,15.1,27.2,0,,278,9.4,,1017.6,
2021-06-12,19.5,14.3,24.8,2.6,,275,16.9,,1015.9,
2021-06-13,14.3,8.7,18.5,0,,302,18.1,,1023.5,
2021-06-14,17.6,7.2,25.9,0,,280,4.7,,1022.5,
2021-06-15,21.3,11.7,28,0,,297,6.7,,1018.2,
2021-06-16,22.8,14.7,29.9,0,,76,5.6,,1017.4,
2021-06-17,25.8,18.9,32.5,0,,131,12.5,,1015.6,
2021-06-18,26.4,18.5,32.8,0,,134,14.5,,1014.4,
2021-06-19,28.1,21,34.7,0,,183,7.7,,1013.6,
2021-06-20,26.7,20.5,34.5,0,,171,6.3,,1010.1,
2021-06-21,25.9,20.2,31.1,7,,218,7.9,,1006.2,
2021-06-22,17.7,15.3,21.9,0.8,,314,11.3,,1012.4,
2021-06-23,18.3,17.3,19.9,12.1,,38,5.2,,1018.5,
2021-06-24,18.3,15.4,22.2,9.9,,341,7.6,,1017.6,
2021-06-25,18.3,15.9,22.8,2.5,,322,4.3,,1017.1,
2021-06-26,19.7,14.7,24.2,0.3,,303,5.1,,1018.7,
2021-06-27,20.5,12.4,27.9,0,,109,3.5,,1017.6,
2021-06-28,23.2,15.4,30.3,0,,143,6.3,,1015.8,
2021-06-29,22,17.1,28,37.2,,136,6.9,,1011.2,
2021-06-30,19.1,15.6,22.7,0,,262,15.2,,1009,
2021-07-01,17.8,14.7,21.5,3.9,,264,15.1,,1011.7,
2021-07-02,17.3,14.3,22.8,4.2,,277,12.8,,1015.5,
2021-07-03,19.2,13.5,24.8,0,,276,8.8,,1015.9,
2021-07-04,21.2,12.9,27.9,0.3,,151,5.1,,1011.5,
2021-07-05,20.7,17.6,25.7,1.3,,243,10.2,,1010.6,
2021-07-06,22.5,15.9,30.4,13.3,,179,10.3,,1011.1,
2021-07-07,18.1,14.8,22.1,2.6,,306,6.4,,1016.9,
2021-07-08,18.7,13.8,23.4,9.5,,65,8,,1019.3,
2021-07-09,18.5,15.1,25.7,0.2,,296,14.6,,1014.9,
2021-07-10,20.1,14.9,25.4,0,,270,10.8,,1018,
2021-07-11,20.4,14,27.9,3.8,,117,7,,1015.7,
2021-07-12,20.9,15.8,26,0,,160,6,,1013.4,
2021-07-13,23.1,14.8,30.4,19.4,,121,9,,1008.1,
2021-07-14,21.4,17.8,26.4,0.3,,208,5.7,,1008.8,
2021-07-15,20.6,16.8,25.8,0,,275,5.8,,1012.7,
2021-07-16,22.5,15.4,27.9,14.2,,275,8.4,,1016.6,
2021-07-17,20.4,19.1,22.8,5.7,,311,13.8,,1017.9,
2021-07-18,21.4,16.8,26.5,0,,314,11.7,,1018.5,
2021-07-19,17.8,13.6,21,0,,301,10.6,,1018.4,
2021-07-20,16.9,12.7,21.4,0,,288,7.2,,1019.2,
2021-07-21,18.1,14.1,22.3,0,,283,7.3,,1022.2,
2021-07-22,19,13.4,24.5,0,,261,4.5,,1021.4,
2021-07-23,20.9,13.9,27.3,0,,153,3.6,,1017,
2021-07-24,23.1,13.6,30,0,,132,9.9,,1012.5,
2021-07-25,22.3,17.8,29.3,1.6,,136,5.4,,1009.9,
2021-07-26,21.6,16.4,30.5,3.7,,229,5.4,,1011.6,
2021-07-27,22.4,15.9,27.9,0.1,,236,8.4,,1013.2,
2021-07-28,20.6,16.5,26.6,0.8,,231,9,,1012.3,
2021-07-29,20.9,13.8,26.2,0,,248,14.6,,1012.4,
2021-07-30,21.1,12.9,28.6,0,,237,9.9,,1010.3,
2021-07-31,22.6,15.3,27,0,,248,15.7,,1007.9,
2021-08-01,16.7,14.1,21.4,3.6,,264,6.9,,1008.7,
2021-08-02,17,12.7,23,1.8,,260,12.9,,1011.9,
2021-08-03,16.8,12.7,23.6,2.9,,231,6,,1014.1,
2021-08-04,17.5,13,22.5,0.9,,177,4.5,,1013.1,
2021-08-05,17,14.3,21.9,10.2,,352,3.5,,1009.8,
2021-08-06,17.5,13.8,23.6,6.5,,210,5.8,,1006.7,
2021-08-07,19.4,12.1,25.2,4.8,,232,8.5,,1006.5,
2021-08-08,19.6,12.7,24.7,0,,245,14.1,,1010.6,
2021-08-09,18.7,10.7,25.6,0,,230,9.5,,1018.4,
2021-08-10,18.9,13.4,24.3,6.8,,226,7.5,,1017.8,
2021-08-11,18.4,12.5,24.2,0,,267,8,,1019.5,
2021-08-12,19.8,11.4,26.9,0,,126,4.1,,1021.5,
2021-08-13,23.5,16.5,30.7,0,,201,6.9,,1020.3,
2021-08-14,23.5,16.1,30.1,0,,269,8.7,,1019.8,
2021-08-15,21.5,14,28.9,0,,279,6.8,,1014.6,
2021-08-16,19.9,12.7,26.4,3.4,,247,15.7,,1008.7,
2021-08-17,15.9,11.7,20,0,,263,22.8,,1014,
2021-08-18,17,12.6,20.6,0.6,,256,15.9,,1014.3,
2021-08-19,18.8,15.3,20.9,0,,255,13.9,,1013.5,
2021-08-20,18.5,11.6,24.1,1.6,,254,8.4,,1016.1,
2021-08-21,18.5,10,25.8,0,,227,4.9,,1019,
2021-08-22,18.9,15.6,24.4,7.9,,179,7.7,,1016.3,
2021-08-23,15.6,13.8,18.7,11.8,,302,14.2,,1017.7,
2021-08-24,14.5,8.6,20.4,0,,1,11.3,,1024.2,
2021-08-25,15,6.7,21,3.7,,282,9.4,,1020.1,
2021-08-26,14.3,12.7,17.6,8.2,,282,14.8,,1009.4,
2021-08-27,13,11.8,15.9,22.8,,269,11.2,,1011.4,
2021-08-28,13.6,11,17,3,,287,6.7,,1014.9,
2021-08-29,15,10.4,20.5,0,,272,8,,1014.4,
2021-08-30,15.2,10,19.6,9.1,,295,6.7,,1014.2,
2021-08-31,15,9.7,18.5,3,,312,15.3,,1018.2,
2021-09-01,14.6,7.1,21.1,0,,290,11.7,,1024.5,
2021-09-02,15.7,8.5,22.9,0,,285,7.3,,1026.3,
2021-09-03,16.3,9,24.8,0,,258,6.4,,1021.1,
2021-09-04,14.4,9.1,20.3,0,,301,6.3,,1018.4,
2021-09-05,16.7,9,25.2,0,,127,6.1,,1022,
2021-09-06,17.8,10,24.5,0,,113,5.4,,1023.7,
2021-09-07,17.2,12.3,23.4,0,,258,5.1,,1023.9,
2021-09-08,17.6,10.6,25.8,0,,134,8.8,,1020.8,
2021-09-09,19.5,11,26.6,0,,148,11.3,,1014.6,
2021-09-10,19.9,15.9,26.8,20.4,,148,5.5,,1014.6,
2021-09-11,18.2,15.3,22.8,1.5,,233,7.6,,1016.7,
2021-09-12,18,13.5,23.7,0,,266,6.5,,1017.1,
2021-09-13,16.5,11.2,22.5,0,,286,5.8,,1018.1,
2021-09-14,17.9,10.9,25.9,0,,112,6.9,,1017.7,
2021-09-15,19,14.7,23.9,6.4,,157,8.4,,1013.8,
2021-09-16,16.9,12.7,18.6,0.3,,274,9.3,,1013.2,
2021-09-17,15.7,13.8,18,0.6,,279,13.1,,1014,
2021-09-18,13.8,12.4,15.4,1.7,,303,11.7,,1015.5,
2021-09-19,12,10.7,14.1,0,,28,6.6,,1017.4,
2021-09-20,11.6,10,13.6,0,,325,3.6,,1020.6,
2021-09-21,12.6,9.7,15.9,1.1,,268,8.3,,1026.8,
2021-09-22,13,8.8,17.3,0,,291,15.1,,1025.7,
2021-09-23,16.2,7.2,23.2,0.2,,251,16.2,,1017.3,
2021-09-24,15.7,12.7,18.8,0,,280,18.2,,1014.4,
2021-09-25,18.4,13.8,22.7,0,,256,9.5,,1016.8,
2021-09-26,18.6,12.8,25.5,7.2,,138,8.2,,1017.9,
2021-09-27,18.4,15.7,23.1,0,,151,4,,1017.1,
2021-09-28,14.8,12.9,17.1,0.1,,282,7.5,,1021.5,
2021-09-29,15.6,11.7,20.1,0.4,,168,9.6,,1018.6,
2021-09-30,11.4,6.5,16.7,0,,248,13,,1025.8,
2021-10-01,12,5.7,18.5,0,0,151,10.7,,1022.6,
2021-10-02,15.2,10,22.4,0,0,163,11.3,,1015,
2021-10-03,16.4,12.9,21.5,0,0,150,23.3,,1009.7,
2021-10-04,14.1,11.1,17.5,0.2,0,275,5.3,,1016.5,
2021-10-05,13.7,11.1,17.2,0.5,0,255,5.5,,1011.3,
2021-10-06,12.6,6,16.5,0,0,233,7.8,,1016.7,
2021-10-07,11.3,3.6,17.5,0,0,307,6.2,,1026.9,
2021-10-08,12.2,3,16.8,0,0,50,8,,1030.5,
2021-10-09,7.1,0.6,16.1,0,0,94,8.1,,1031.7,
2021-10-10,5.6,-2.1,15.3,0,0,124,6.8,,1028.4,
2021-10-11,7.1,0.1,13.3,1.5,0,252,12,,1023.1,
2021-10-12,7.7,0.9,11,3.9,0,274,14.5,,1017.2,
2021-10-13,5.8,0.3,12.2,0.3,0,277,12.3,,1021.4,
2021-10-14,9.4,5.1,12.1,1.2,0,249,13.4,,1022.4,
2021-10-15,11.6,3.3,17.3,0.3,0,250,14.8,,1017.1,
2021-10-16,6.9,1,12.7,0,0,262,7.6,,1021.7,
2021-10-17,9.2,5.2,14.4,0,0,236,6,,1021.6,
2021-10-18,10,6.9,16.2,0,0,221,4.8,,1024.6,
2021-10-19,12.5,6.8,18.4,0,0,181,8,,1021.5,
2021-10-20,17,11.4,23.1,0.9,0,205,12.8,,1011.1,
2021-10-21,14.4,7.5,19.3,0.1,0,234,28.8,,1001.2,
2021-10-22,8.8,6.3,12.5,0.2,0,254,23.5,,1013,
2021-10-23,7.6,3.7,11.7,0,0,267,15.8,,1025.2,
2021-10-24,6.6,1.5,12.1,0,0,151,10.7,,1029.5,
2021-10-25,7.7,4.5,12.5,0,0,149,12.4,,1022.5,
2021-10-26,8.6,4.9,13,0,0,215,8.7,,1021.3,
2021-10-27,8.8,3,14.6,0,0,232,10.6,,1024.9,
2021-10-28,8.7,2,15.1,0,0,130,9.4,,1022.4,
2021-10-29,9.2,5.1,13.8,0,0,131,12.9,,1015.8,
2021-10-30,11,7.9,14.6,0,0,147,16.9,,1011.4,
2021-10-31,12.3,9.6,15.6,0,0,146,18.1,,1010.4,
2021-11-01,9.8,8.2,11.1,22.8,0,177,9.7,,1003.8,
2021-11-02,8.7,5.3,12.5,0.7,0,220,6.1,,1002.1,
2021-11-03,8.6,4.1,11.8,3.4,0,135,7.9,,1003.6,
2021-11-04,7.4,6.7,8.3,18.4,0,280,15.5,,1000.5,
2021-11-05,7.8,6.5,8.6,4.9,0,256,15.4,,1018.9,
2021-11-06,7.6,1.9,11.9,0,0,241,12.4,,1027,
2021-11-07,8.2,2.1,11.3,0.2,0,238,19,,1015.9,
2021-11-08,8.4,7,10.3,0.4,0,255,14.2,,1020.6,
2021-11-09,7.4,3.5,11.9,0,0,180,7.4,,1028.8,
2021-11-10,4.7,-0.5,9,0,0,134,7.4,,1026.3,
2021-11-11,3.8,-0.3,9,0,0,139,5.3,,1024.7,
2021-11-12,3.9,-0.7,7.5,0,0,133,8.2,,1021.4,
2021-11-13,5.9,4.1,8.5,0,0,139,7.9,,1016,
2021-11-14,6.8,2.2,9.3,0,0,74,5.2,,1023,
2021-11-15,5,0.4,6.8,0,0,92,9.8,,1027.6,
2021-11-16,6.1,-1.2,10.5,0,0,135,10.8,,1023,
2021-11-17,6.3,5.4,7.6,0,0,262,9.4,,1021.1,
2021-11-18,8.5,6.4,10.8,0,0,256,18,,1026.1,
2021-11-19,10.2,9,11.1,0,0,264,21.7,,1025.7,
2021-11-20,10.2,7.2,11.1,0,0,258,14.3,,1023,
2021-11-21,6.9,4.2,8,0.9,0,249,10.4,,1012.1,
2021-11-22,5.1,-1.9,7.2,0.1,0,323,9.6,,1021.6,
2021-11-23,2.5,-3.2,6.3,0.3,0,251,10.3,,1028.1,
2021-11-24,5.5,1.5,6.8,0,0,213,6.5,,1023.6,
2021-11-25,1.9,-2.5,3.4,0,0,196,7.8,,1011,
2021-11-26,3.4,0,5.4,0,0,240,6.6,,1000.8,
2021-11-27,2.1,-1.6,5.2,0,0,159,8.7,,993.8,
2021-11-28,1.3,-1.7,3.2,0,0,225,4.7,,997.5,
2021-11-29,1.8,-2.1,3.1,0.4,0,285,12,,1003.3,
2021-11-30,3.8,1.2,6.5,1.8,0,265,25.7,,1003.6,
2021-12-01,7.2,4.1,9.9,4.3,0,234,19.8,,997.7,
2021-12-02,4.2,0.3,6.1,0,0,274,16.1,,998.5,
2021-12-03,1,-2.6,4.3,0.3,0,242,14.9,,1010.2,
2021-12-04,1.4,0.1,3.1,2.7,0,154,11.4,,1001.5,
2021-12-05,4.1,1.4,6.1,1.1,0,262,11.5,,1004,
2021-12-06,0.7,-0.4,2.6,0.6,0,346,8,,1013.7,
2021-12-07,0.7,-1.3,2.2,0,0,140,9.9,,1011.9,
2021-12-08,1.4,0.2,3.5,0,0,128,15.2,,1005.2,
2021-12-09,1.2,0.2,2.2,4.5,0,93,4.6,,1004.8,
2021-12-10,1.2,-0.2,3.6,0,20,160,7.8,,1000.8,
2021-12-11,-1.3,-5.6,0.9,0,0,234,7,,1013.2,
2021-12-12,-0.1,-5.1,3.3,3.5,0,229,7.9,,1024.7,
2021-12-13,4.4,2.4,6.4,3.3,0,259,9.8,,1026.8,
2021-12-14,6.7,5.2,7.4,0,0,259,9.5,,1028,
2021-12-15,7.4,5.2,9.2,0,0,251,11,,1030.7,
2021-12-16,7.3,5.6,8.1,0.5,0,278,13.4,,1034.4,
2021-12-17,5.5,4.4,6.5,0,0,297,15.2,,1037.5,
2021-12-18,6,5.1,7.5,0,0,280,12.4,,1035.3,
2021-12-19,6.4,3.7,7.6,1,0,289,22.8,,1023.5,
2021-12-20,1.7,0.3,3.8,0,0,299,13.9,,1025.4,
2021-12-21,1.1,-0.2,1.9,0,0,307,6.7,,1027.2,
2021-12-22,-0.8,-3.7,2.6,0,0,154,5.7,,1027.8,
2021-12-23,-1,-2.5,2.1,4.5,0,174,10.9,,1014.4,
2021-12-24,6.3,0,10.8,6.6,0,272,23.1,,1001.8,
2021-12-25,-4.1,-9.9,0.1,0,10,60,7.9,,1012.3,
2021-12-26,-5.6,-11,-1.6,0,0,116,12.6,,1013.7,
2021-12-27,-0.2,-1.7,0.8,0.2,0,139,17.3,,1008.5,
2021-12-28,1.7,0.2,3.5,1.4,0,150,18,,1001.5,
2021-12-29,3.7,2.3,4.7,1.3,0,234,8.9,,1005.4,
2021-12-30,11.2,4.5,15.1,0.1,0,250,17.2,,1013.7,
2021-12-31,14.5,13.2,16.8,0.1,0,256,20.7,,1017.9,
2022-01-01,12.2,4.4,13.5,0,0,254,15.9,,1023.6,
2022-01-02,9,4,14.9,1,0,207,12.4,,1016,
2022-01-03,10.1,6.8,12.7,6.1,0,257,22.8,,1009.8,
2022-01-04,7,4.9,8.8,11.3,0,240,10.7,,998.5,
2022-01-05,4.2,2,6.9,7.7,0,254,19.1,,1000.7,
2022-01-06,1.1,-2.6,4.1,0,0,272,15.8,,1015,
2022-01-07,-0.1,-3.9,3.3,0.3,0,187,10.1,,1016.5,
2022-01-08,0.2,-2.4,1.5,2.4,0,203,7.2,,1010.5,
2022-01-09,1.8,-1.1,3.8,0.5,0,182,17.6,,1000.5,
2022-01-10,3.7,1.8,5.1,0.1,0,318,10.1,,1019.4,
2022-01-11,-0.8,-2.6,1.8,0,0,88,4,,1034.9,
2022-01-12,0.8,-3.3,5.1,0,0,248,8.4,,1037.8,
2022-01-13,4.9,1,7.7,0,0,263,15.7,,1036.6,
2022-01-14,3.1,0.5,4.6,0,0,276,17.8,,1031.8,
2022-01-15,2.9,-3.9,4.9,0,0,275,9,,1029.9,
2022-01-16,0.9,-3.9,4.9,0,0,238,13.5,,1023.1,
2022-01-17,3.9,1.3,5.8,4.4,0,283,24.8,,1023.7,
2022-01-18,3.1,0.9,4.4,0,0,277,11,,1036,
2022-01-19,3.2,-1.8,6.2,0.1,0,201,10,,1025.5,
2022-01-20,1.9,-0.5,4.4,1.3,0,288,25.5,,1017.2,
2022-01-21,0.3,-2,2.6,5.1,0,282,19.6,,1025.6,
2022-01-22,3.1,1.9,4.4,2.6,0,304,13.5,,1027.1,
2022-01-23,4.5,2.5,5.6,0.3,0,289,10.4,,1032.7,
2022-01-24,5.1,3.6,6.5,0,0,271,3.3,,1034.8,
2022-01-25,3.5,2.4,5.3,0,0,279,10.4,,1032.7,
2022-01-26,1.9,0.8,2.5,0,0,269,14.1,,1029.6,
2022-01-27,3.5,1.7,5.5,0.8,0,256,23.9,,1020.7,
2022-01-28,4.3,3.1,5.3,0.2,0,287,24.5,,1024.9,
2022-01-29,5.8,2.3,8.8,2.6,0,256,24.3,,1021.1,
2022-01-30,5.5,3.9,7,0,0,280,30.5,,1016.7,
2022-01-31,2.4,0.4,4.1,5.4,0,264,11.9,,1008.6,
2022-02-01,3.1,0.9,6.1,2.2,0,274,22.2,,1009.3,
2022-02-02,5.2,2.4,6.5,0.1,0,293,25.5,,1009.9,
2022-02-03,3.3,-1.2,6,1.9,0,221,9.8,,1018,
2022-02-04,6.9,4.4,9,0.5,0,240,14,,1011,
2022-02-05,5.2,3.5,7.4,0.5,0,263,22.9,,1016.5,
2022-02-06,6.7,4,9.5,4.4,0,243,29,,1005.5,
2022-02-07,3.9,1.9,6.7,0.5,0,288,25,,1011.2,
2022-02-08,6.5,3.4,8.4,0,0,261,21.9,,1025.1,
2022-02-09,9.1,8.3,9.8,0,0,257,17.3,,1025.7,
2022-02-10,8.6,4.7,13.4,4.2,0,234,14,,1020,
2022-02-11,3.6,1.5,5.3,2.7,0,286,14.2,,1023.1,
2022-02-12,1.6,-3,6.6,0,0,190,9.4,,1032.3,
2022-02-13,3.6,-2.1,10.5,0,0,161,11.5,,1020.2,
2022-02-14,4.6,0.7,8.5,0.1,0,157,17.6,,1009.9,
2022-02-15,6.3,2.2,11.4,0,0,226,11.5,,1011.1,
2022-02-16,8.8,3.1,14.5,7.9,0,213,21,,1003.3,
2022-02-17,9.6,6,15.8,0.5,0,266,35.6,,996.7,
2022-02-18,8.5,5.3,14.1,2.5,0,234,20.6,,1004.9,
2022-02-19,6.8,4.9,9.2,0.7,0,257,28.2,,1009.3,
2022-02-20,7.7,3.6,10.5,1.4,0,243,27.1,,1008.1,
2022-02-21,7.3,3,11.7,1.7,0,255,30.3,,997.3,
2022-02-22,5.9,4.2,8.5,1.4,0,275,22.9,,1012.4,
2022-02-23,6.3,0.7,10.3,0,0,268,20,,1021.7,
2022-02-24,5.7,-3.5,12,1.1,0,182,14.4,,1015.1,
2022-02-25,4.6,2.8,7.9,0.2,0,260,20.3,,1018.8,
2022-02-26,4.2,2.8,6.6,0,0,321,13.1,,1031.4,
2022-02-27,3.5,-2.6,9.4,0,0,121,7,,1036.4,
2022-02-28,0.4,-4.2,5.9,0,0,109,7.8,,1036.1,
2022-03-01,1.2,-3.8,7.8,0,0,136,8.8,,1033.2,
2022-03-02,0.5,-5.8,9.2,0,0,106,4,,1026.1,
2022-03-03,0.4,-6.1,7.7,0,0,299,6.2,,1021.2,
2022-03-04,0.8,-2.2,2.6,0.2,0,344,6.7,,1023.3,
2022-03-05,0.9,-2.9,6.4,0,0,101,5.5,,1024.8,
2022-03-06,-0.1,-3.1,1.9,0,0,319,5.1,,1025.1,
2022-03-07,2.3,-2.7,6.7,0,0,322,8.6,,1025.8,
2022-03-08,1.4,-5.6,9.1,0,0,112,5.8,,1026.3,
2022-03-09,2.7,-4,11.3,0,0,112,4.9,,1026.9,
2022-03-10,2.9,-5.1,11.3,0,0,128,10.6,,1030.3,
2022-03-11,3.2,-1.4,8.3,0,0,128,23.9,,1028.8,
2022-03-12,5.4,1.6,10.3,0,0,134,23.1,,1025.5,
2022-03-13,7.1,0.9,13.3,0,0,127,19.8,,1022.3,
2022-03-14,7.5,2.4,13.3,2.4,0,180,12.9,,1026.3,
2022-03-15,7.3,1.6,12.9,4.4,0,156,7.5,,1027.5,
2022-03-16,8.3,2.8,13.6,0,0,29,8.5,,1027.1,
2022-03-17,8.6,2.8,14.3,0,0,146,10.2,,1029.5,
2022-03-18,8.2,1.4,12.7,0,0,341,9.4,,1040.3,
2022-03-19,5,-0.5,10.2,0,0,44,11.9,,1041.9,
2022-03-20,6.1,-3.5,13.9,0,0,120,18.4,,1038.1,
2022-03-21,6.6,-2.4,14.4,0,0,127,13.2,,1036.9,
2022-03-22,8.8,-1.8,18.3,0,0,124,11,,1035,
2022-03-23,10.2,1.8,19.4,0,0,50,6.5,,1030.8,
2022-03-24,7.4,-1.3,17.1,0,0,290,5.1,,1029.2,
2022-03-25,7.1,-1.9,16.4,0,0,277,5.2,,1029.3,
2022-03-26,9.9,0,17.9,0,0,284,11.9,,1029.4,
2022-03-27,9.6,2,17,0,0,,,,,
2022-03-28,10.7,1.1,19.8,0.7,0,249,8.2,,1022,
2022-03-29,7.4,2.7,10.7,0,0,295,10.2,,1011.7,
2022-03-30,4.4,1.6,6.4,8.7,0,25,5.5,,1005.2,
2022-03-31,3.2,2,4.2,0,0,73,13.9,,1002,
2022-04-01,3.1,0.4,5.3,0,0,55,13.7,,1003.2,
2022-04-02,3,-0.8,6.9,0,0,11,16.8,,1010.9,
2022-04-03,2.5,-2.2,5.7,0,0,302,12.3,,1019,
2022-04-04,5.3,1.9,9.6,2,0,246,22.1,,1012,
2022-04-05,7.8,4.6,10.9,3.5,0,262,21.3,,1003.7,
2022-04-06,12.1,9.3,16,0.3,0,243,19.6,,1002.5,
2022-04-07,12,6.9,16.7,3.6,0,231,25.4,,992.4,
2022-04-08,7.6,4,10.9,1.4,0,261,22.9,,995.8,
2022-04-09,5.3,3.2,10.3,3.2,0,280,17.5,,1004.4,
2022-04-10,5,1.8,9.7,0.3,0,273,17.3,,1017.1,
2022-04-11,6.8,-0.7,13.3,0,0,264,8.5,,1020.7,
2022-04-12,10.2,0.3,18.1,0,0,133,11.7,,1018.6,
2022-04-13,14.6,8.1,21.7,0,0,134,12.5,,1017.7,
2022-04-14,14.2,7,20,1.4,0,331,9,,1018.6,
2022-04-15,9.4,6.3,12.1,0.7,0,300,13.6,,1023.7,
2022-04-16,6.4,1.7,11.8,0,0,12,12.5,,1032.4,
2022-04-17,6.5,-1,14.4,0,0,338,6.5,,1030,
2022-04-18,7.9,-0.8,15.4,0,0,321,8.1,,1020.5,
2022-04-19,7,0,12.9,0,0,1,10.1,,1015,
2022-04-20,4.9,-1.6,8.9,1.1,0,252,7.4,,1016.2,
2022-04-21,8.3,6.9,10.1,0.4,0,351,6.3,,1013.2,
2022-04-22,10.4,3.5,15.9,0,0,99,8.5,,1009.1,
2022-04-23,11,2,18.1,0,0,91,12,,1009,
2022-04-24,8,1.6,14.7,11.8,0,73,10.4,,1003.4,
2022-04-25,8.7,2.4,13.6,0,0,358,10.1,,1009.5,
2022-04-26,9.1,1.3,16.8,0,0,114,5.3,,1015.8,
2022-04-27,9.4,1.7,16.3,0,0,314,5.1,,1022.8,
2022-04-28,11,1.7,18.3,0,0,274,6.6,,1027.7,
2022-04-29,11.1,2.3,18.6,0,0,76,4.6,,1027.5,
2022-04-30,12.3,5.3,20.2,0,0,121,7.5,,1022.4,
2022-05-01,12.5,2.9,19.8,0,,325,6.1,,1020.7,
2022-05-02,14.2,6.7,21.2,0,,322,5,,1018.6,
2022-05-03,14.1,5.9,21,0,,318,6,,1016,
2022-05-04,14.8,4.8,22.9,0,,64,4.9,,1017.1,
2022-05-05,14.6,8,20.4,0,,282,8.6,,1019.2,
2022-05-06,14.3,7,20.6,0,,327,5.5,,1023.7,
2022-05-07,15.3,6.1,22.5,0,,233,3.3,,1022.7,
2022-05-08,14.9,6.9,21.4,0,,311,8.1,,1024,
2022-05-09,15.2,5.8,23.2,0,,28,4.6,,1026.7,
2022-05-10,18.4,7.4,26.4,0,,198,6.6,,1020.4,
2022-05-11,22.6,12.7,29.6,0,,233,14.8,,1013.2,
2022-05-12,19.4,11.7,23.2,0,,277,17,,1014.7,
2022-05-13,16.1,9,22.3,0,,261,12.7,,1017.2,
2022-05-14,15.6,7.2,21.9,0,,271,13.3,,1019.5,
2022-05-15,15.7,7.8,23.1,0,,320,4.7,,1021.1,
2022-05-16,18.7,8.1,28.4,10.7,,146,6.7,,1018,
2022-05-17,16.6,14.3,20.6,0.5,,317,10.8,,1019.5,
2022-05-18,18.9,12.2,24.8,0,,148,8.8,,1024.6,
2022-05-19,21,13.3,27.9,0,,162,11.8,,1021.9,
2022-05-20,21.4,16.4,26.6,11.9,,264,8.9,,1018.2,
2022-05-21,16.2,12.8,19.8,0.2,,280,22.1,,1017.2,
2022-05-22,15,10.7,19.7,0,,298,10.7,,1016.3,
